high_priority_keywords,low_priority_keywords
Looker,interpersonal skills
Python,attention to detail
SQL,problem-solving
back-end,decision-making
data solutions,decision-making
data visualization,backend
,data engineer
,database
,clustering
,compliance
,ETL
Business Intelligence,machine learning
,ETL
project management,
statistics,
Python,data engineer
R,data modeling
SQL,data pipeline
predictive analytics,API
Tableau,
Agile,
data engineer,data engineer
data pipeline,clustering
data visualization,machine learning
compliance,cloud infrastructure
ETL,ETL
MySQL,DevOp
Dynamo DB,
NoSQL,
Snowflake,
Kubernete,data modeling
Agile,data pipeline
Docker,machine learning
GCP,API
Python,ETL
SQL,
BigQuery,data engineer
PostgreSQL,data modeling
back-end,database
compliance,ETL
cloud infrastructure,
Tableau,
Looker,
Airflow,
Azure,
BigQuery,
Power BI,
NoSQL,
Snowflake,data visualization
Python,
SQL,
Airflow,data modeling
Apache,ETL
Apache Spark,
NoSQL,
Spark,
REST APIs,
Apache,decision-making
Apache Spark,
Hadoop,
Kubernetes,
Agile,
Databricks,
Docker,
Big Data technologies,
PostgreSQL,
Spark,
Python,
Scala,
Airflow,data pipeline
Apache,machine learning
Apache Spark,compliance
Kubernetes,ETL
Databricks,
Git,
Snowflake,
Spark,
Tableau,data engineer
Looker,data pipeline
Airflow,data visualization
Apache,database
Apache Spark,machine learning
BigQuery,
Git,
NoSQL,
Snowflake,
Spark,
Python,
SQL,
Airflow,mathematics
Apache,data engineer
Azure,data modeling
BigQuery,database
NoSQL,ETL
NumPy,
Python,
Pandas,
SQL,
Databricks,data engineer
NoSQL,database
Python,compliance
SQL,fraud detection
mathematics,API
data engineer,cloud infrastructure
machine learning,
compliance,
fraud detection,
API,
Hadoop,
Hive,
Big Data technologies,
Spark,
R,
SQL,
Airflow,data engineer
Azure,machine learning
BigQuery,ETL
MySQL,
GCP,
Postgres,
Python,
Agile,
Tableau,
Looker,
Azure,
CCPA,
Databricks,
Spark,
data engineer,
database,
ETL,
Python,
SQL,decision-making
Airflow,
ETL,
Python,
Pandas,
SQL,
NumPy,
data modeling,
data visualization,
Python,
SQL,decision making
Looker,
Databricks,
Tableau,
Looker,
Python,
SQL,
Looker,
Airflow,
Apache,
Hadoop,
Kubernetes,
Hive,
Spark,
Python,
Pandas,
SQL,
Scala,
Tableau,
Python,
SQL,data visualization
Looker,
GitHub,
Snowflake,
SQL,data modeling
database,
fraud detection,mathematics
Looker,
Azure,
PowerBI,
Agile,
MySQL,
DynamoDB,
Snowflake,
Python,
SQL,data solutions
data visualization,
compliance,
ETL,
Apache,data visualization
Apache Spark,machine learning
Azure,predictive analytics
Hadoop,ETL
Databricks,
GCP,
Spark,
TensorFlow,
Pytorch,
Matplotlib,
Python,
SQL,
Airflow,data engineer
Apache,data modeling
MySQL,data solutions
GCP,machine learning
GitHub,compliance
Google Cloud,API
NoSQL,ETL
Snowflake,
Python,
SQL,
Scala,
Airflow,
BigQuery,
Databricks,data engineer
Snowflake,ETL
SQL,
Tableau,data modeling
BigQuery,data visualization
PowerBI,database
CCPA,compliance
MySQL,
Python,
R,
Tableau,mathematics
Looker,data visualization
Power BI,
MySQL,
PostgreSQL,
Python,
R,
SQL,
Hadoop,clustering
Agile,machine learning
PostgreSQL,predictive analytics
Spark,fraud detection
Python,DevOps
R,
SQL,
Tableau,decision-making
Looker,
Power BI,
Python,
SQL,
Agile,
Python,
R,mathematics
machine learning,
MySQL,backend
Dynamo DB,data engineer
NoSQL,database
Snowflake,clustering
Python,compliance
ETL,
Tableau,backend
SAS,data pipeline
Python,data solutions
R,compliance
SQL,ETL
data visualization,
Python,decision-making
SQL,
Snowflake,
Airflow,data engineer
Apache,data modeling
Apache Spark,compliance
Azure,ETL
Kubernetes,
Docker,
Google Cloud,
Spark,
Python,
Airflow,data engineer
Apache,compliance
Apache Spark,ETL
Azure,
Kubernetes,
Docker,
Google Cloud,
Spark,
Python,
SQL,
Apache,machine learning
Apache Spark,compliance
Spark,
Python,
Pandas,
SQL,
Apache,data engineer
Apache Spark,clustering
Hadoop,machine learning
Kubernetes,cloud infrastructure
Agile,ETL
Databricks,
Docker,
Big Data technologies,
PostgreSQL,
Spark,
Python,
Scala,
Azure,data engineer
Kubernetes,data pipeline
Agile,ETL
Docker,DevOps
DynamoDB,
GitHub,
Postgres,
Snowflake,
Python,
S,
Tableau,data engineer
Looker,data modeling
Airflow,compliance
Azure,ETL
BigQuery,
Agile,
Docker,
Google Cloud,
Snowflake,
Python,
SQL,
Azure,mathematics
Hadoop,data modeling
Databricks,data visualization
Google Cloud,machine learning
Big Data technologies,API
Spark,
Matplotlib,
Python,
Pandas,
GCP,mathematics
TensorFlow,data visualization
Pytorch,machine learning
Python,predictive analytics
R,
Docker,cloud infrastructure
Git,DevOps
Python,
R,
SQL,
BigQuery,decision-making
Python,
R,
SQL,
campaign performance,
R,
data science,
information security,
advertising campaigns,
statistics,
business objectives,
data structures,
,cross-functional
,team collaboration